Account,Image ,Category,Description
Aub_students_thrift,ub_students_thrift0.jpg,"Textile, Clothing & Shoes",Pant - Women
Aub_students_thrift,ub_students_thrift1.jpg,"Textile, Clothing & Shoes",Sweater / Top - Women
Aub_students_thrift,https://mailaub-my.sharepoint.com/:i:/r/personal/rcs04_mail_aub_edu/Documents/Scraping%20Lebanon%20Thrift%20Research/Instagram%20Photos%20by_Account/aub_students_thrift/ub_students_thrift10.jpg?csf=1&web=1&e=kATYJ8,"Textile, Clothing & Shoes",Chemise / Top - Men
Aub_students_thrift,ub_students_thrift11.jpg,"Textile, Clothing & Shoes",Bag - Women
Aub_students_thrift,ub_students_thrift13.jpg,"Textile, Clothing & Shoes",Bag - Women
Aub_students_thrift,ub_students_thrift20.jpg,Furniture & Home appliances,Lamp 
Aub_students_thrift,ub_students_thrift21.jpg,Books & Movies,Paper
Aub_students_thrift,ub_students_thrift22 (1).jpg,Furniture & Home appliances,Drawer - Plastic 
Aub_students_thrift,ub_students_thrift24 (1).jpg,Furniture & Home appliances,Container - Plastic 
Aub_students_thrift,ub_students_thrift27.jpg,Furniture & Home appliances,Glass Mugs
Aub_students_thrift,ub_students_thrift28.jpg,"Textile, Clothing & Shoes",Top - Women
Aub_students_thrift,ub_students_thrift3.jpg,"Textile, Clothing & Shoes",Chemise / Top - Men
Aub_students_thrift,ub_students_thrift30.jpg,Furniture & Home appliances,Tray
Aub_students_thrift,ub_students_thrift33.jpg,"Textile, Clothing & Shoes",Gillet jacket - Women 
Aub_students_thrift,ub_students_thrift36.jpg,"Textile, Clothing & Shoes",Pant - legging - Women 
Aub_students_thrift,ub_students_thrift38.jpg,"Textile, Clothing & Shoes",Pyjama - Top + Pants - Women
Aub_students_thrift,ub_students_thrift39.jpg,Electronics,Mixer
Aub_students_thrift,ub_students_thrift42.jpg,Furniture & Home appliances,Scale
Aub_students_thrift,ub_students_thrift43.jpg,Furniture & Home appliances,Wooden spoons
Aub_students_thrift,ub_students_thrift45.jpg,Furniture & Home appliances,Knives
Aub_students_thrift,ub_students_thrift46.jpg,Cosmetics & Medicine,"Domidone chapha, ibuprofen, buscopan"
Aub_students_thrift,ub_students_thrift53.jpg,Furniture & Home appliances,Plastic containers - kitchen 
Aub_students_thrift,ub_students_thrift55.jpg,Cosmetics & Medicine,Vitamin c
Aub_students_thrift,ub_students_thrift57.jpg,Books & Movies,Books 
Aub_students_thrift,ub_students_thrift58.jpg,"Textile, Clothing & Shoes",Shoes - uggs - women
Aub_students_thrift,ub_students_thrift59.jpg,Furniture & Home appliances,Pan - kitchen appliances
Aub_students_thrift,ub_students_thrift8.jpg,Furniture & Home appliances,Kids chair
Opie.lb,Opie.lb1.jpg,"Textile, Clothing & Shoes",Sweater / Top - Women
Opie.lb,Opie.lb14.jpg,"Textile, Clothing & Shoes",Boots - women
Opie.lb,Opie.lb15.jpg,"Textile, Clothing & Shoes",Dress - women
Opie.lb,Opie.lb2.jpg,"Textile, Clothing & Shoes",Jacket - women 
Opie.lb,Opie.lb9.jpg,"Textile, Clothing & Shoes",Bag - women
Opie.lb,Opie.lb38.jpg,"Textile, Clothing & Shoes",Blazer - women
Opie.lb,Opie.lb36.jpg,"Textile, Clothing & Shoes",Dress - women
Opie.lb,Opie.lb34.jpg,"Textile, Clothing & Shoes",Pants - women
Opie.lb,Opie.lb32.jpg,"Textile, Clothing & Shoes",Dress - women
Thrift.soull,Thrift.soull0.jpg,"Textile, Clothing & Shoes",Men - jacket
Thrift.soull,Thrift.soull10.jpg,"Textile, Clothing & Shoes",Men - sweater - top
Thrift.soull,Thrift.soull24.jpg,"Textile, Clothing & Shoes",Men - jacket
Thrift.soull,Thrift.soull38.jpg,"Textile, Clothing & Shoes",Men - jacket
Thirfted4hype,Thrifted4hype0.jpg,"Textile, Clothing & Shoes",Shoes - boots - women
Thirfted4hype,Thrifted4hype10.jpg,"Textile, Clothing & Shoes",Shoes - snickers - men
Thirfted4hype,Thrifted4hype13.jpg,"Textile, Clothing & Shoes",Shoes - snickers 
Thirfted4hype,Thrifted4hype21.jpg,"Textile, Clothing & Shoes",Shoes - snickers - men
Thirfted4hype,Thrifted4hype4.jpg,"Textile, Clothing & Shoes",Shoes - snickers - women
Thirfted4hype,Thrifted4hype8.jpg,"Textile, Clothing & Shoes",Top - sweter - men 
Thrifting_mimo,Thrifting_mimo0.jpg,"Textile, Clothing & Shoes",Top - Women
Thrifting_mimo,Thrifting_mimo10.jpg,"Textile, Clothing & Shoes",Dress - women
Thrifting_mimo,Thrifting_mimo12.jpg,"Textile, Clothing & Shoes",Pyjama - Top + Pants - Women
Thrifting_mimo,Thrifting_mimo13.jpg,"Textile, Clothing & Shoes",Jacket - women 
Thrifting_mimo,Thrifting_mimo15.jpg,Cosmetics & Medicine,Bio-oil - skincare
Thrifting_mimo,Thrifting_mimo17.jpg,Cosmetics & Medicine,Bio-oil - skincare - bodylotion 
Thrifting_mimo,Thrifting_mimo19.jpg,"Textile, Clothing & Shoes",Dress - women
Thrifting_mimo,Thrifting_mimo20.jpg,"Textile, Clothing & Shoes",Pyjama - Top + Pants - Women
Thrifting_mimo,Thrifting_mimo22.jpg,"Textile, Clothing & Shoes",Belt - women
Thrifting_mimo,Thrifting_mimo25.jpg,"Textile, Clothing & Shoes",Women - pants + sweater
Thrifting_mimo,Thrifting_mimo27.jpg,"Textile, Clothing & Shoes",Women - pants 
Thrifting_mimo,Thrifting_mimo29.jpg,"Textile, Clothing & Shoes",Dress - women
Thrifting_mimo,Thrifting_mimo3.jpg,"Textile, Clothing & Shoes",Sweater / Top - Women
Thrifting_mimo,Thrifting_mimo28.jpg,"Textile, Clothing & Shoes",Women - pants + sweater
Thrifting_mimo,Thrifting_mimo31.jpg,"Textile, Clothing & Shoes",Dress - women
Thrifting_mimo,Thrifting_mimo34.jpg,Cosmetics & Medicine,Skincare / hyaluronic acid
Thrifting_mimo,Thrifting_mimo35.jpg,Cosmetics & Medicine,Eyeshadow
Thrifting_mimo,Thrifting_mimo36.jpg,Cosmetics & Medicine,Mascara
Thrifting_mimo,Thrifting_mimo37.jpg,Books & Movies,Books 
Thrifting_mimo,Thrifting_mimo38.jpg,Cosmetics & Medicine,Mascara
Thrifting_mimo,Thrifting_mimo39.jpg,"Textile, Clothing & Shoes",Top - Women
Thrifting_mimo,Thrifting_mimo40.jpg,"Textile, Clothing & Shoes",Chemise / Top - women
Thrifting_mimo,Thrifting_mimo41.jpg,"Textile, Clothing & Shoes",Shoes - heels - women 
Thrifting_mimo,Thrifting_mimo43.jpg,Cosmetics & Medicine,Baby products - wipes 
Thrifting_mimo,Thrifting_mimo7.jpg,"Textile, Clothing & Shoes",Coat - women
Thrifting_mimo,Thrifting_mimo8.jpg,"Textile, Clothing & Shoes",Coat - women
Thriftvintage,Thriftvintage0.jpg,"Textile, Clothing & Shoes",Jeans - women
Thriftvintage,Thriftvintage1.jpg,"Textile, Clothing & Shoes",Pants - men
Thriftvintage,Thriftvintage10.jpg,"Textile, Clothing & Shoes",Sweater - top - men
Thriftvintage,Thriftvintage2.jpg,"Textile, Clothing & Shoes",Jacket - men
Thriftvintage,Thriftvintage28.jpg,"Textile, Clothing & Shoes",Sweater - top - men
Thriftvintage,Thriftvintage30.jpg,"Textile, Clothing & Shoes",Jacket - men
Thriftvintage,Thriftvintage32.jpg,"Textile, Clothing & Shoes",Jacket - men
Thriftvintage,Thriftvintage33.jpg,"Textile, Clothing & Shoes",Jeans
Thriftvintage,Thriftvintage5.jpg,"Textile, Clothing & Shoes",Coat 
Ulike.thrifting,Ulike.thrifting 0.jpg,"Textile, Clothing & Shoes",Sweater - top - men
Ulike.thrifting,Ulike.thrifting 1.jpg,Electronics,Vape 
Ulike.thrifting,Ulike.thrifting 11.jpg,"Textile, Clothing & Shoes",Sweater - top - men
Ulike.thrifting,Ulike.thrifting 16.jpg,"Textile, Clothing & Shoes",Men - top +pants
Ulike.thrifting,Ulike.thrifting 18.jpg,"Textile, Clothing & Shoes",Men - jacket 
Ulike.thrifting,Ulike.thrifting 25.jpg,"Textile, Clothing & Shoes",Men - jacket 
Ulike.thrifting,Ulike.thrifting 27.jpg,"Textile, Clothing & Shoes",Men - hat / cap 
Ulike.thrifting,Ulike.thrifting 28.jpg,"Textile, Clothing & Shoes",T-shirt - men 
Ulike.thrifting,Ulike.thrifting 38.jpg,"Textile, Clothing & Shoes",Shorts - men 
Ulike.thrifting,Ulike.thrifting 40.jpg,"Textile, Clothing & Shoes",Shorts - men 
Ulike.thrifting,Ulike.thrifting 41.jpg,"Textile, Clothing & Shoes",Pants - men
Usedtoglow,Usedtoglow0.jpg,Furniture & Home appliances,Blanket - kids 
Usedtoglow,Usedtoglow1.jpg,"Textile, Clothing & Shoes",Pants - women 
Usedtoglow,Usedtoglow11.jpg,"Textile, Clothing & Shoes",Top - sweter - women 
Usedtoglow,Usedtoglow13.jpg,"Textile, Clothing & Shoes",Coat - women
Usedtoglow,Usedtoglow15.jpg,"Textile, Clothing & Shoes",Skirt - women 
Usedtoglow,Usedtoglow18.jpg,"Textile, Clothing & Shoes",Shorts - women
Usedtoglow,Usedtoglow20.jpg,"Textile, Clothing & Shoes",Top - sweter - women 
Usedtoglow,Usedtoglow21.jpg,"Textile, Clothing & Shoes",Shoes - snickers - women
Usedtoglow,Usedtoglow23.jpg,"Textile, Clothing & Shoes",Jacket - women 
Usedtoglow,Usedtoglow28.jpg,"Textile, Clothing & Shoes",Women - skirt + top 
Usedtoglow,Usedtoglow31.jpg,"Textile, Clothing & Shoes",Women - skirt + top 
Usedtoglow,Usedtoglow35.jpg,"Textile, Clothing & Shoes",Top + pant
Usedtoglow,Usedtoglow37.jpg,"Textile, Clothing & Shoes",Top - Women
Usedtoglow,Usedtoglow6.jpg,"Textile, Clothing & Shoes",Top + pants - women
Elitegirlsvintage,Elitegirlsvintage 0.jpg,"Textile, Clothing & Shoes",Top + jeans - women
Elitegirlsvintage,Elitegirlsvintage 1.jpg,"Textile, Clothing & Shoes",Sweater + skirt - women
Elitegirlsvintage,Elitegirlsvintage 10.jpg,"Textile, Clothing & Shoes",Sweater + skirt - women 
Elitegirlsvintage,Elitegirlsvintage 11.jpg,"Textile, Clothing & Shoes",Sweater + skirt - women 
Elitegirlsvintage,Elitegirlsvintage 12.jpg,"Textile, Clothing & Shoes",Sweater + skirt - women 
Elitegirlsvintage,Elitegirlsvintage 13.jpg,"Textile, Clothing & Shoes",Sweater + skirt - women 
Elitegirlsvintage,Elitegirlsvintage 14.jpg,"Textile, Clothing & Shoes",Sweater + skirt - women 
Elitegirlsvintage,Elitegirlsvintage 15.jpg,"Textile, Clothing & Shoes",Sweater + skirt - women 
Elitegirlsvintage,Elitegirlsvintage 16.jpg,"Textile, Clothing & Shoes",Sweater + skirt - women 
Elitegirlsvintage,Elitegirlsvintage 18.jpg,"Textile, Clothing & Shoes",Sweater + skirt - women 
Elitegirlsvintage,Elitegirlsvintage 19.jpg,"Textile, Clothing & Shoes",Sweater + skirt - women 
Elitegirlsvintage,Elitegirlsvintage 24.jpg,"Textile, Clothing & Shoes",Sweater + skirt - women 
Elitegirlsvintage,Elitegirlsvintage 26.jpg,"Textile, Clothing & Shoes",Sweater + skirt - women 
Elitegirlsvintage,Elitegirlsvintage 28.jpg,"Textile, Clothing & Shoes",Blazer + Top + Pants - women
Elitegirlsvintage,Elitegirlsvintage 29.jpg,"Textile, Clothing & Shoes",Sweater + skirt - women
Elitegirlsvintage,Elitegirlsvintage 31.jpg,"Textile, Clothing & Shoes",Sweater + skirt - women
Elitegirlsvintage,Elitegirlsvintage 33.jpg,"Textile, Clothing & Shoes",Sweater + skirt - women
Elitegirlsvintage,Elitegirlsvintage 37.jpg,"Textile, Clothing & Shoes",Sweater + skirt - women
Elitegirlsvintage,Elitegirlsvintage 4.jpg,"Textile, Clothing & Shoes",Dress + chemise - women
Elitegirlsvintage,Elitegirlsvintage 42.jpg,"Textile, Clothing & Shoes",Sweater + skirt - women
Elitegirlsvintage,Elitegirlsvintage 6.jpg,"Textile, Clothing & Shoes",Skirt - women 
Karella_thrift ,Karella_thrift 0.jpg,"Textile, Clothing & Shoes",sweater + pants - women
Karella_thrift ,Karella_thrift 10.jpg,"Textile, Clothing & Shoes",sweater + pants - women
Karella_thrift ,Karella_thrift 11.jpg,"Textile, Clothing & Shoes",sweater + pants - women
Karella_thrift ,Karella_thrift 12.jpg,"Textile, Clothing & Shoes",sweater + pants - women
Karella_thrift ,Karella_thrift 14.jpg,"Textile, Clothing & Shoes",Pants - women 
Karella_thrift ,Karella_thrift 15.jpg,"Textile, Clothing & Shoes",Jacket - women 
Karella_thrift ,Karella_thrift 16.jpg,"Textile, Clothing & Shoes",Jacket - women 
Karella_thrift ,Karella_thrift 17.jpg,"Textile, Clothing & Shoes",Top + pants - women
Karella_thrift ,Karella_thrift 18.jpg,"Textile, Clothing & Shoes",Jumpsuit - women 
Karella_thrift ,Karella_thrift 19.jpg,"Textile, Clothing & Shoes",top - women 
Karella_thrift ,Karella_thrift 2.jpg,"Textile, Clothing & Shoes",Jacket - women 
Karella_thrift ,Karella_thrift 20.jpg,"Textile, Clothing & Shoes",Jeans - women 
Karella_thrift ,Karella_thrift 21.jpg,"Textile, Clothing & Shoes",Jacket - women 
Karella_thrift ,Karella_thrift 24.jpg,"Textile, Clothing & Shoes",Jacket - women 
Karella_thrift ,Karella_thrift 25.jpg,"Textile, Clothing & Shoes",Pants - men / women
Karella_thrift ,Karella_thrift 26.jpg,"Textile, Clothing & Shoes",Jacket - women 
Karella_thrift ,Karella_thrift 27.jpg,"Textile, Clothing & Shoes",Jacket - women 
Karella_thrift ,Karella_thrift 28.jpg,"Textile, Clothing & Shoes",Jacket + skirt - women 
Karella_thrift ,Karella_thrift 29.jpg,"Textile, Clothing & Shoes",Jacket + pants + shoes -  women
Karella_thrift ,Karella_thrift 3.jpg,"Textile, Clothing & Shoes",Sweater + jeans - women 
Karella_thrift ,Karella_thrift 30.jpg,"Textile, Clothing & Shoes",Jacket + skirt + shoes - women 
Karella_thrift ,Karella_thrift 31.jpg,"Textile, Clothing & Shoes",Jacket + shoes - women
Karella_thrift ,Karella_thrift 33.jpg,"Textile, Clothing & Shoes",Jacket + top + pants - women
Karella_thrift ,Karella_thrift 34.jpg,"Textile, Clothing & Shoes",Jacket + top + skirt + shoes - women
Karella_thrift ,Karella_thrift 37.jpg,"Textile, Clothing & Shoes",chemise + top + skirt - women 
Karella_thrift ,Karella_thrift 38.jpg,"Textile, Clothing & Shoes",pants + blazer + top - women 
Karella_thrift ,Karella_thrift 39.jpg,"Textile, Clothing & Shoes",pants + sweater - women
Karella_thrift ,Karella_thrift 4.jpg,"Textile, Clothing & Shoes",pants + sweater - women
Karella_thrift ,Karella_thrift 40.jpg,"Textile, Clothing & Shoes",coat + top + skirt - women 
Karella_thrift ,Karella_thrift 42.jpg,"Textile, Clothing & Shoes",sweater - women 
Karella_thrift ,Karella_thrift 5.jpg,"Textile, Clothing & Shoes",top + skirt - women 
Karella_thrift ,Karella_thrift 7.jpg,"Textile, Clothing & Shoes",shoes - women 
Lift_by_thrifting ,Lift_by_thrifting0.jpg,"Textile, Clothing & Shoes",jenas - women 
Lift_by_thrifting ,Lift_by_thrifting10.jpg,Furniture & Home appliances,colored glass pates for decoration
Lift_by_thrifting ,Lift_by_thrifting11.jpg,"Textile, Clothing & Shoes",boots - women 
Lift_by_thrifting ,Lift_by_thrifting12.jpg,"Textile, Clothing & Shoes",Skirt - women 
Lift_by_thrifting ,Lift_by_thrifting13.jpg,"Textile, Clothing & Shoes",pants - women 
Lift_by_thrifting ,Lift_by_thrifting14.jpg,"Textile, Clothing & Shoes",pants + chemise - women 
Lift_by_thrifting ,Lift_by_thrifting15.jpg,"Textile, Clothing & Shoes",Skirt - women 
Lift_by_thrifting ,Lift_by_thrifting16.jpg,"Textile, Clothing & Shoes",Skirt - women 
Lift_by_thrifting ,Lift_by_thrifting17.jpg,"Textile, Clothing & Shoes",sweater - women 
Lift_by_thrifting ,Lift_by_thrifting18.jpg,"Textile, Clothing & Shoes",top - women 
Lift_by_thrifting ,Lift_by_thrifting19.jpg,"Textile, Clothing & Shoes",shoes - boy 
Lift_by_thrifting ,Lift_by_thrifting20.jpg,"Textile, Clothing & Shoes",shoes - boy 
Lift_by_thrifting ,Lift_by_thrifting21.jpg,"Textile, Clothing & Shoes",shoes - boy 
Lift_by_thrifting ,Lift_by_thrifting22.jpg,"Textile, Clothing & Shoes",shoes - boy 
Lift_by_thrifting ,Lift_by_thrifting23.jpg,"Textile, Clothing & Shoes",shoes - boy 
Lift_by_thrifting ,Lift_by_thrifting24.jpg,"Textile, Clothing & Shoes",dress - girl
Lift_by_thrifting ,Lift_by_thrifting26.jpg,"Textile, Clothing & Shoes",tshirt - boy
Lift_by_thrifting ,Lift_by_thrifting27.jpg,"Textile, Clothing & Shoes",pants - boy 
Lift_by_thrifting ,Lift_by_thrifting29.jpg,"Textile, Clothing & Shoes",top - girl 
Lift_by_thrifting ,Lift_by_thrifting3.jpg,"Textile, Clothing & Shoes",dress - women
Lift_by_thrifting ,Lift_by_thrifting30.jpg,"Textile, Clothing & Shoes",shorts - girl 
Lift_by_thrifting ,Lift_by_thrifting31.jpg,"Textile, Clothing & Shoes",skirt - girl
Lift_by_thrifting ,Lift_by_thrifting32.jpg,"Textile, Clothing & Shoes",top - women 
Lift_by_thrifting ,Lift_by_thrifting33.jpg,"Textile, Clothing & Shoes",dress - women
Lift_by_thrifting ,Lift_by_thrifting34.jpg,"Textile, Clothing & Shoes",dress - women
Lift_by_thrifting ,Lift_by_thrifting35.jpg,"Textile, Clothing & Shoes",top - women 
Lift_by_thrifting ,Lift_by_thrifting36.jpg,"Textile, Clothing & Shoes",shirt - girl
Lift_by_thrifting ,Lift_by_thrifting38.jpg,"Textile, Clothing & Shoes",dress - girl 
Lift_by_thrifting ,Lift_by_thrifting39.jpg,Furniture & Home appliances,bed sheet
Lift_by_thrifting ,Lift_by_thrifting41.jpg,"Textile, Clothing & Shoes",Hair band 
Lift_by_thrifting ,Lift_by_thrifting6.jpg,"Textile, Clothing & Shoes",hat - girl 
Lift_by_thrifting ,Lift_by_thrifting8.jpg,Toys ,kid toys 
The.thrift.zone,The.thrift.zone 10.jpg,"Textile, Clothing & Shoes",shoes - men
The.thrift.zone,The.thrift.zone 11.jpg,"Textile, Clothing & Shoes",shoes - men
The.thrift.zone,The.thrift.zone 12.jpg,"Textile, Clothing & Shoes",shoes - men
The.thrift.zone,The.thrift.zone 13.jpg,"Textile, Clothing & Shoes",shoes - men
The.thrift.zone,The.thrift.zone 16.jpg,"Textile, Clothing & Shoes",shoes - men
The.thrift.zone,The.thrift.zone 18.jpg,"Textile, Clothing & Shoes",shoes - men
The.thrift.zone,The.thrift.zone 21.jpg,"Textile, Clothing & Shoes",shoes - women
The.thrift.zone,The.thrift.zone 22.jpg,"Textile, Clothing & Shoes",shoes - men
The.thrift.zone,The.thrift.zone 23.jpg,"Textile, Clothing & Shoes",shoes - women
The.thrift.zone,The.thrift.zone 26.jpg,"Textile, Clothing & Shoes",shoes - men
The.thrift.zone,The.thrift.zone 27.jpg,"Textile, Clothing & Shoes",shoes - men
The.thrift.zone,The.thrift.zone 3.jpg,"Textile, Clothing & Shoes",shoes - men
Thrift_bags_by_nouf,Thrift_bags_by_nouf 0.jpg,"Textile, Clothing & Shoes",wallet - women 
Thrift_bags_by_nouf,Thrift_bags_by_nouf 1.jpg,"Textile, Clothing & Shoes",fur bag - women
Thrift_bags_by_nouf,Thrift_bags_by_nouf 10.jpg,"Textile, Clothing & Shoes",bag - women 
Thrift_bags_by_nouf,Thrift_bags_by_nouf 11.jpg,"Textile, Clothing & Shoes",bag - women 
Thrift_bags_by_nouf,Thrift_bags_by_nouf 12.jpg,"Textile, Clothing & Shoes",bag - women 
Thrift_bags_by_nouf,Thrift_bags_by_nouf 14.jpg,"Textile, Clothing & Shoes",bag - women 
Thrift_bags_by_nouf,Thrift_bags_by_nouf 16.jpg,"Textile, Clothing & Shoes",bag - women 
Thrift_bags_by_nouf,Thrift_bags_by_nouf 18.jpg,"Textile, Clothing & Shoes",bag - women 
Thrift_bags_by_nouf,Thrift_bags_by_nouf 19.jpg,"Textile, Clothing & Shoes",bag - women 
Thrift_bags_by_nouf,Thrift_bags_by_nouf 2.jpg,"Textile, Clothing & Shoes",bag - women 
Thrift_bags_by_nouf,Thrift_bags_by_nouf 20.jpg,"Textile, Clothing & Shoes",bag - women 
Thrift_bags_by_nouf,Thrift_bags_by_nouf 22.jpg,"Textile, Clothing & Shoes",bag - women 
Thrift_bags_by_nouf,Thrift_bags_by_nouf 23.jpg,"Textile, Clothing & Shoes",bag - women 
Thrift_bags_by_nouf,Thrift_bags_by_nouf 24.jpg,"Textile, Clothing & Shoes",bag - women 
Thrift_bags_by_nouf,Thrift_bags_by_nouf 26.jpg,"Textile, Clothing & Shoes",bag - women 
Thrift_bags_by_nouf,Thrift_bags_by_nouf 28.jpg,"Textile, Clothing & Shoes",bag - women 
Thrift_bags_by_nouf,Thrift_bags_by_nouf 3.jpg,"Textile, Clothing & Shoes",bag - women 
Thrift_bags_by_nouf,Thrift_bags_by_nouf 31.jpg,"Textile, Clothing & Shoes",bag - women 
Thrift_books_and_more,Thrift_books_and_more0.jpg,"Textile, Clothing & Shoes",blazer - women 
Thrift_books_and_more,Thrift_books_and_more1.jpg,"Textile, Clothing & Shoes",top + pants + shoes - women 
Thrift_books_and_more,Thrift_books_and_more10.jpg,"Textile, Clothing & Shoes",sweater - women 
Thrift_books_and_more,Thrift_books_and_more14.jpg,Toys ,ball
Thrift_books_and_more,Thrift_books_and_more15.jpg,"Textile, Clothing & Shoes",top - women 
Thrift_books_and_more,Thrift_books_and_more18.jpg,"Textile, Clothing & Shoes",boots - women 
Thrift_books_and_more,Thrift_books_and_more19.jpg,"Textile, Clothing & Shoes",blazer + top + skirt - women 
Thrift_books_and_more,Thrift_books_and_more2.jpg,"Textile, Clothing & Shoes",blazer + pants + chemise 
Thrift_poplb,Thrift_poplb0.jpg,"Textile, Clothing & Shoes",pants + top - women 
Thrift_poplb,Thrift_poplb10.jpg,"Textile, Clothing & Shoes",top + pant - women
Thrift_poplb,Thrift_poplb11.jpg,"Textile, Clothing & Shoes",jeans + sweater - women 
Thrift_poplb,Thrift_poplb13.jpg,"Textile, Clothing & Shoes",top + pant - women
Thrift_poplb,Thrift_poplb15.jpg,"Textile, Clothing & Shoes",jenas + top - women 
Thrift_poplb,Thrift_poplb16.jpg,"Textile, Clothing & Shoes",top + pant - women
Thrift_poplb,Thrift_poplb17.jpg,"Textile, Clothing & Shoes",top - women 
Thrift_poplb,Thrift_poplb18.jpg,"Textile, Clothing & Shoes",top + pant - women
Thrift_poplb,Thrift_poplb20.jpg,"Textile, Clothing & Shoes",top - women 
Thrift_poplb,Thrift_poplb22.jpg,"Textile, Clothing & Shoes",top + pant - women
Thrift_poplb,Thrift_poplb3.jpg,"Textile, Clothing & Shoes",coat - women
Thrift_poplb,Thrift_poplb32.jpg,"Textile, Clothing & Shoes",top + pant - women 
Thrift_poplb,Thrift_poplb33.jpg,"Textile, Clothing & Shoes",dress - women
Usedbooks_lb,Usedbooks_lb0.jpg,Books & Movies,book 
Usedbooks_lb,Usedbooks_lb1.jpg,Books & Movies,book 
Usedbooks_lb,Usedbooks_lb10.jpg,Books & Movies,book 
Usedbooks_lb,Usedbooks_lb13.jpg,Books & Movies,book 
Usedbooks_lb,Usedbooks_lb16.jpg,Books & Movies,book 
Usedbooks_lb,Usedbooks_lb18.jpg,Books & Movies,book 
Usedbooks_lb,Usedbooks_lb2.jpg,Books & Movies,book 
Usedbooks_lb,Usedbooks_lb21.jpg,Books & Movies,book 
Usedbooks_lb,Usedbooks_lb23.jpg,Books & Movies,book 
Usedbooks_lb,Usedbooks_lb25.jpg,Books & Movies,book 
Usedbooks_lb,Usedbooks_lb3.jpg,Books & Movies,book 
Usedbooks_lb,Usedbooks_lb32.jpg,Books & Movies,book 
Pick.n.thriftlb,Pick.n.thriftlb 0.jpg,"Textile, Clothing & Shoes",pant - women 
Pick.n.thriftlb,Pick.n.thriftlb 1.jpg,"Textile, Clothing & Shoes",dress - women
Pick.n.thriftlb,Pick.n.thriftlb 10.jpg,"Textile, Clothing & Shoes",shirt - women 
Pick.n.thriftlb,Pick.n.thriftlb 11.jpg,"Textile, Clothing & Shoes",shoes 
Pick.n.thriftlb,Pick.n.thriftlb 12.jpg,"Textile, Clothing & Shoes",shoes - women
Pick.n.thriftlb,Pick.n.thriftlb 14.jpg,"Textile, Clothing & Shoes",pants - women
Pick.n.thriftlb,Pick.n.thriftlb 15.jpg,"Textile, Clothing & Shoes",top - women 
Pick.n.thriftlb,Pick.n.thriftlb 17.jpg,"Textile, Clothing & Shoes",top - women 
Pick.n.thriftlb,Pick.n.thriftlb 19.jpg,"Textile, Clothing & Shoes",boots - women 
Pick.n.thriftlb,Pick.n.thriftlb 2.jpg,"Textile, Clothing & Shoes",pants - women 
Pick.n.thriftlb,Pick.n.thriftlb 20.jpg,"Textile, Clothing & Shoes",boots - women 
Pick.n.thriftlb,Pick.n.thriftlb 21.jpg,"Textile, Clothing & Shoes",dress - women 
Pick.n.thriftlb,Pick.n.thriftlb 22.jpg,"Textile, Clothing & Shoes",dress - women 
Pick.n.thriftlb,Pick.n.thriftlb 23.jpg,"Textile, Clothing & Shoes",pants - women 
Pick.n.thriftlb,Pick.n.thriftlb 7.jpg,"Textile, Clothing & Shoes",jacket - women
Purple_fashion_lb,Purple_fashion_lb 0 (1).jpg,"Textile, Clothing & Shoes",boots - men 
Purple_fashion_lb,Purple_fashion_lb 1 (1).jpg,"Textile, Clothing & Shoes",boots - men 
Purple_fashion_lb,Purple_fashion_lb 2.jpg,"Textile, Clothing & Shoes",jacket - men
Purple_fashion_lb,Purple_fashion_lb 3.jpg,"Textile, Clothing & Shoes",top - women 
Purple_fashion_lb,Purple_fashion_lb 7.jpg,"Textile, Clothing & Shoes",jacket - women
The.usedcloset,The.usedcloset0.jpg,"Textile, Clothing & Shoes",jacket - women
The.usedcloset,The.usedcloset13.jpg,"Textile, Clothing & Shoes",jacket - women
The.usedcloset,The.usedcloset16.jpg,"Textile, Clothing & Shoes",jacket - women 
The.usedcloset,The.usedcloset17.jpg,"Textile, Clothing & Shoes",pant - women 
The.usedcloset,The.usedcloset19.jpg,"Textile, Clothing & Shoes",jacket - women 
The.usedcloset,The.usedcloset27.jpg,"Textile, Clothing & Shoes",jeans 
The.usedcloset,The.usedcloset3.jpg,"Textile, Clothing & Shoes",dress
The.usedcloset,The.usedcloset33.jpg,"Textile, Clothing & Shoes",dress 
The2022thrift,The2022thrift 0.jpg,"Textile, Clothing & Shoes",boots - men 
The2022thrift,The2022thrift 1.jpg,"Textile, Clothing & Shoes",hoodie - men
The2022thrift,The2022thrift 3.jpg,"Textile, Clothing & Shoes",shoes - men
The2022thrift,The2022thrift 4.jpg,"Textile, Clothing & Shoes",pants - women 
The2022thrift,The2022thrift 5.jpg,"Textile, Clothing & Shoes",coat - women
Thriftbooks.com.lb,Thriftbooks.com.lb11.jpg,Books & Movies,book 
Thriftbooks.com.lb,Thriftbooks.com.lb14.jpg,Books & Movies,book 
Thriftbooks.com.lb,Thriftbooks.com.lb16.jpg,Books & Movies,book 
Thriftbooks.com.lb,Thriftbooks.com.lb19.jpg,Books & Movies,book 
Thriftbooks.com.lb,Thriftbooks.com.lb21.jpg,Books & Movies,book 
Thriftbooks.com.lb,Thriftbooks.com.lb22.jpg,Books & Movies,book 
Thriftbooks.com.lb,Thriftbooks.com.lb26.jpg,Books & Movies,book 
Thriftbooks.com.lb,Thriftbooks.com.lb28.jpg,Books & Movies,book 
Thriftbooks.com.lb,Thriftbooks.com.lb3.jpg,Books & Movies,book 
Thriftbooks.com.lb,Thriftbooks.com.lb31.jpg,Books & Movies,book 
Thriftbooks.com.lb,Thriftbooks.com.lb33.jpg,Books & Movies,book 
Thriftbooks.com.lb,Thriftbooks.com.lb35.jpg,Books & Movies,book 
Thrift_shop12393,Thrift_shop123930.jpg,"Textile, Clothing & Shoes",jeans - women 
Thrift_shop12393,Thrift_shop123931.jpg,"Textile, Clothing & Shoes",top - women 
Thrift_shop12393,Thrift_shop1239310.jpg,"Textile, Clothing & Shoes",jacket - women 
Thrift_shop12393,Thrift_shop1239311.jpg,"Textile, Clothing & Shoes",top - women 
Thrift_shop12393,Thrift_shop1239312.jpg,"Textile, Clothing & Shoes",boots - women 
Thrift_shop12393,Thrift_shop1239313.jpg,"Textile, Clothing & Shoes",jeans + shoes - women
Thrift_shop12393,Thrift_shop1239315.jpg,Furniture & Home appliances,Kitchen appliance 
Thrift_shop12393,Thrift_shop1239316.jpg,"Textile, Clothing & Shoes",hat - girl 
Thrift_shop12393,Thrift_shop1239317.jpg,"Textile, Clothing & Shoes",hat - girl 
Thrift_shop12393,Thrift_shop1239318.jpg,"Textile, Clothing & Shoes",pants - women 
Thrift_shop12393,Thrift_shop1239319.jpg,"Textile, Clothing & Shoes",jacket - men 
Thrift_shop12393,Thrift_shop123932.jpg,"Textile, Clothing & Shoes",dress - women 
Thrift_shop12393,Thrift_shop1239321.jpg,"Textile, Clothing & Shoes",jacket - girl 
Thrift_shop12393,Thrift_shop1239324.jpg,"Textile, Clothing & Shoes",dress - women 
Thrift_shop12393,Thrift_shop1239325.jpg,"Textile, Clothing & Shoes",top - women 
Thrift_shop12393,Thrift_shop1239326.jpg,"Textile, Clothing & Shoes",top - women 
Thrift_shop12393,Thrift_shop1239327.jpg,"Textile, Clothing & Shoes",jacket - women 
Thrift_shop12393,Thrift_shop1239328.jpg,"Textile, Clothing & Shoes",jumpsuit - girl 
Thrift_shop12393,Thrift_shop1239329.jpg,"Textile, Clothing & Shoes",jumpsuit - girl 
Thrift_shop12393,Thrift_shop123933.jpg,"Textile, Clothing & Shoes",top - clothes 
Thrift_shop12393,Thrift_shop1239330.jpg,"Textile, Clothing & Shoes",top - women 
Thrift_shop12393,Thrift_shop1239331.jpg,"Textile, Clothing & Shoes",jacket - girl 
Thrift_shop12393,Thrift_shop1239332.jpg,"Textile, Clothing & Shoes",jacket - girl 
Thrift_shop12393,Thrift_shop1239333.jpg,"Textile, Clothing & Shoes",skirt - women 
Thrift_shop12393,Thrift_shop1239334.jpg,"Textile, Clothing & Shoes",top - girl 
Thrift_shop12393,Thrift_shop1239335.jpg,"Textile, Clothing & Shoes",top - girl 
Thrift_shop12393,Thrift_shop1239336.jpg,"Textile, Clothing & Shoes",pants - men
Thrift_shop12393,Thrift_shop1239337.jpg,"Textile, Clothing & Shoes",dress - women 
Thrift_shop12393,Thrift_shop1239338.jpg,"Textile, Clothing & Shoes",pants - women 
Thrift_shop12393,Thrift_shop1239339.jpg,"Textile, Clothing & Shoes",blazer - women
Thrift_shop12393,Thrift_shop123934.jpg,"Textile, Clothing & Shoes",chemise - women
Thrift_shop12393,Thrift_shop1239340.jpg,"Textile, Clothing & Shoes",chemise - women
Thrift_shop12393,Thrift_shop1239341.jpg,"Textile, Clothing & Shoes",dress - women 
Thrift_shop12393,Thrift_shop1239342.jpg,"Textile, Clothing & Shoes",top - women 
Thrift_shop12393,Thrift_shop123935.jpg,"Textile, Clothing & Shoes",pants - women 
Thrift_shop12393,Thrift_shop123936.jpg,"Textile, Clothing & Shoes",jumpsuit - women 
Thrift_shop12393,Thrift_shop123938.jpg,"Textile, Clothing & Shoes",top + pants + boots - women
Thrift_shop12393,Thrift_shop123939.jpg,"Textile, Clothing & Shoes",top - women 
Thriftbooksbeirut,Thriftbooksbeirut0.jpg,Books & Movies,book
Thriftbooksbeirut,Thriftbooksbeirut1.jpg,Books & Movies,book
Thriftbooksbeirut,Thriftbooksbeirut10.jpg,Books & Movies,book
Thriftbooksbeirut,Thriftbooksbeirut11.jpg,Books & Movies,book
Thriftbooksbeirut,Thriftbooksbeirut12.jpg,Books & Movies,book
Thriftbooksbeirut,Thriftbooksbeirut13.jpg,Books & Movies,book
Thriftbooksbeirut,Thriftbooksbeirut14.jpg,Books & Movies,book
Thriftbooksbeirut,Thriftbooksbeirut15.jpg,Books & Movies,book
Thriftbooksbeirut,Thriftbooksbeirut16.jpg,Books & Movies,book
Thriftbooksbeirut,Thriftbooksbeirut17.jpg,Books & Movies,book
Thriftbooksbeirut,Thriftbooksbeirut18.jpg,Books & Movies,book
Thriftbooksbeirut,Thriftbooksbeirut19.jpg,Books & Movies,book
Thriftbooksbeirut,Thriftbooksbeirut2.jpg,Books & Movies,book
Thriftbooksbeirut,Thriftbooksbeirut20.jpg,Books & Movies,book
Thriftbooksbeirut,Thriftbooksbeirut21.jpg,Books & Movies,book
Thriftbooksbeirut,Thriftbooksbeirut22.jpg,Books & Movies,book
Thriftbooksbeirut,Thriftbooksbeirut23.jpg,Books & Movies,book
Thriftbooksbeirut,Thriftbooksbeirut24.jpg,Books & Movies,book
Thriftbooksbeirut,Thriftbooksbeirut25.jpg,Books & Movies,book
Thriftbooksbeirut,Thriftbooksbeirut26.jpg,Books & Movies,book
Thriftbooksbeirut,Thriftbooksbeirut27.jpg,Books & Movies,book
Thriftbooksbeirut,Thriftbooksbeirut28.jpg,Books & Movies,book
Thriftbooksbeirut,Thriftbooksbeirut29.jpg,Books & Movies,book
Thriftbooksbeirut,Thriftbooksbeirut3.jpg,Books & Movies,book
Thriftbooksbeirut,Thriftbooksbeirut30.jpg,Books & Movies,book
Thriftbooksbeirut,Thriftbooksbeirut31.jpg,Books & Movies,book
Thriftbooksbeirut,Thriftbooksbeirut32.jpg,Books & Movies,book
Thriftbooksbeirut,Thriftbooksbeirut33.jpg,Books & Movies,book
Thriftbooksbeirut,Thriftbooksbeirut34.jpg,Books & Movies,book
Thriftbooksbeirut,Thriftbooksbeirut35.jpg,Books & Movies,book
Thriftbooksbeirut,Thriftbooksbeirut36.jpg,Books & Movies,Stickers 
Thriftbooksbeirut,Thriftbooksbeirut37.jpg,Books & Movies,Stickers 
Thriftbooksbeirut,Thriftbooksbeirut38.jpg,Books & Movies,Stickers 
Thriftbooksbeirut,Thriftbooksbeirut39.jpg,Books & Movies,book
Thriftbooksbeirut,Thriftbooksbeirut4.jpg,Books & Movies,book
Thriftbooksbeirut,Thriftbooksbeirut40.jpg,Books & Movies,book
Thriftbooksbeirut,Thriftbooksbeirut41.jpg,Books & Movies,book
Thriftbooksbeirut,Thriftbooksbeirut42.jpg,Books & Movies,book
Thriftbooksbeirut,Thriftbooksbeirut43.jpg,Books & Movies,book
Thriftbooksbeirut,Thriftbooksbeirut5.jpg,Books & Movies,book
Thriftbooksbeirut,Thriftbooksbeirut6.jpg,Books & Movies,book
Thriftbooksbeirut,Thriftbooksbeirut7.jpg,Books & Movies,book
Thriftbooksbeirut,Thriftbooksbeirut8.jpg,Books & Movies,book
Thriftbooksbeirut,Thriftbooksbeirut9.jpg,Books & Movies,book
Thriftshopbutterfly,Thriftshopbutterfly10.jpg,"Textile, Clothing & Shoes",pants - women 
Thriftshopbutterfly,Thriftshopbutterfly11.jpg,"Textile, Clothing & Shoes",lingerie - women 
Thriftshopbutterfly,Thriftshopbutterfly12.jpg,"Textile, Clothing & Shoes",top - women 
Thriftshopbutterfly,Thriftshopbutterfly13.jpg,"Textile, Clothing & Shoes",jacket - women 
Thriftshopbutterfly,Thriftshopbutterfly14.jpg,"Textile, Clothing & Shoes",top - women 
Thriftshopbutterfly,Thriftshopbutterfly15.jpg,Cosmetics & Medicine,Cosmetics - Lip tint 
Thriftshopbutterfly,Thriftshopbutterfly16.jpg,"Textile, Clothing & Shoes",top - women 
Thriftshopbutterfly,Thriftshopbutterfly17.jpg,"Textile, Clothing & Shoes",jacket - women 
Thriftshopbutterfly,Thriftshopbutterfly18.jpg,"Textile, Clothing & Shoes",lingerie - women
Thriftshopbutterfly,Thriftshopbutterfly19.jpg,"Textile, Clothing & Shoes",lingerie - women
Thriftshopbutterfly,Thriftshopbutterfly21.jpg,"Textile, Clothing & Shoes",top - women 
Thriftshopbutterfly,Thriftshopbutterfly22.jpg,"Textile, Clothing & Shoes",skirt - women
Thriftshopbutterfly,Thriftshopbutterfly23.jpg,"Textile, Clothing & Shoes",pant - women 
Thriftshopbutterfly,Thriftshopbutterfly25.jpg,"Textile, Clothing & Shoes",belt - women
Thriftshopbutterfly,Thriftshopbutterfly26.jpg,Cosmetics & Medicine,nail polish 
Thriftshopbutterfly,Thriftshopbutterfly27.jpg,"Textile, Clothing & Shoes",short - women
Thriftshopbutterfly,Thriftshopbutterfly28.jpg,"Textile, Clothing & Shoes",pant - women 
Thriftshopbutterfly,Thriftshopbutterfly29.jpg,"Textile, Clothing & Shoes",top - women 
Thriftshopbutterfly,Thriftshopbutterfly3.jpg,"Textile, Clothing & Shoes",top - women 
Thriftshopbutterfly,Thriftshopbutterfly30.jpg,"Textile, Clothing & Shoes",dress - women
Thriftshopbutterfly,Thriftshopbutterfly31.jpg,"Textile, Clothing & Shoes",top - women 
Thriftshopbutterfly,Thriftshopbutterfly32.jpg,"Textile, Clothing & Shoes",dress - women
Thriftshopbutterfly,Thriftshopbutterfly33.jpg,"Textile, Clothing & Shoes",swimwear - women
Thriftshopbutterfly,Thriftshopbutterfly34.jpg,"Textile, Clothing & Shoes",dress - women
Thriftshopbutterfly,Thriftshopbutterfly35.jpg,"Textile, Clothing & Shoes",top - women 
Thriftshopbutterfly,Thriftshopbutterfly36.jpg,"Textile, Clothing & Shoes",shoes - women
Thriftshopbutterfly,Thriftshopbutterfly4.jpg,"Textile, Clothing & Shoes",lingerie - women 
Thriftshopbutterfly,Thriftshopbutterfly5.jpg,"Textile, Clothing & Shoes",lingerie - women 
Thriftshopbutterfly,Thriftshopbutterfly6.jpg,"Textile, Clothing & Shoes",lingerie - women 
Thriftshopbutterfly,Thriftshopbutterfly7.jpg,"Textile, Clothing & Shoes",jacket - women 
Thriftshopbutterfly,Thriftshopbutterfly8.jpg,"Textile, Clothing & Shoes",socks - women
Thriftshopbutterfly,Thriftshopbutterfly9.jpg,"Textile, Clothing & Shoes",socks - women
Thriftwithley,Thriftwithley0.jpg,"Textile, Clothing & Shoes",bag - women
Thriftwithley,Thriftwithley1.jpg,"Textile, Clothing & Shoes",jeans - women 
Thriftwithley,Thriftwithley10.jpg,"Textile, Clothing & Shoes",lingerie - women 
Thriftwithley,Thriftwithley2.jpg,"Textile, Clothing & Shoes",top - women 
Thriftwithley,Thriftwithley3.jpg,"Textile, Clothing & Shoes",top - women 
Thriftwithley,Thriftwithley4.jpg,"Textile, Clothing & Shoes",top - women 
Thriftwithley,Thriftwithley5.jpg,"Textile, Clothing & Shoes",skirt - women
Thriftwithley,Thriftwithley6.jpg,"Textile, Clothing & Shoes",top - women 
Thriftwithley,Thriftwithley7.jpg,"Textile, Clothing & Shoes",top - women 
Thriftwithley,Thriftwithley8.jpg,"Textile, Clothing & Shoes",short - women
Thriftwithley,Thriftwithley9.jpg,"Textile, Clothing & Shoes",top - women 
Toys.thrift.lb,Toys.thrift.lb0.jpg,Books & Movies,book
Toys.thrift.lb,Toys.thrift.lb1.jpg,Toys ,toys
Toys.thrift.lb,Toys.thrift.lb10.jpg,Books & Movies,book - educational for kids
Toys.thrift.lb,Toys.thrift.lb11.jpg,Books & Movies,book - educational for kids
Toys.thrift.lb,Toys.thrift.lb12.jpg,Books & Movies,book - school
Toys.thrift.lb,Toys.thrift.lb13.jpg,"Textile, Clothing & Shoes",bag - girl (school)
Toys.thrift.lb,Toys.thrift.lb14.jpg,"Textile, Clothing & Shoes",bag - girl (school)
Toys.thrift.lb,Toys.thrift.lb15.jpg,"Textile, Clothing & Shoes",bag - girl (school)
Toys.thrift.lb,Toys.thrift.lb16.jpg,Books & Movies,book - educational for kids
Toys.thrift.lb,Toys.thrift.lb17.jpg,Books & Movies,book - educational for kids
Toys.thrift.lb,Toys.thrift.lb18.jpg,Books & Movies,book
Toys.thrift.lb,Toys.thrift.lb19.jpg,"Textile, Clothing & Shoes",pouch 
Toys.thrift.lb,Toys.thrift.lb2.jpg,Toys ,toys
Toys.thrift.lb,Toys.thrift.lb20.jpg,Books & Movies,book - educational for kids
Toys.thrift.lb,Toys.thrift.lb21.jpg,Books & Movies,book - school
Toys.thrift.lb,Toys.thrift.lb22.jpg,Books & Movies,book - school
Toys.thrift.lb,Toys.thrift.lb23.jpg,Books & Movies,book - school
Toys.thrift.lb,Toys.thrift.lb24.jpg,Books & Movies,book - school
Toys.thrift.lb,Toys.thrift.lb26.jpg,"Textile, Clothing & Shoes",pouch 
Toys.thrift.lb,Toys.thrift.lb27.jpg,Toys ,toys
Toys.thrift.lb,Toys.thrift.lb28.jpg,Toys ,toys
Toys.thrift.lb,Toys.thrift.lb29.jpg,Toys ,toys
Toys.thrift.lb,Toys.thrift.lb3.jpg,Toys ,toys
Toys.thrift.lb,Toys.thrift.lb30.jpg,Toys ,Card games 
Toys.thrift.lb,Toys.thrift.lb31.jpg,Toys ,toys
Toys.thrift.lb,Toys.thrift.lb32.jpg,Toys ,toys
Toys.thrift.lb,Toys.thrift.lb33.jpg,Toys ,toys
Toys.thrift.lb,Toys.thrift.lb34.jpg,Toys ,toys
Toys.thrift.lb,Toys.thrift.lb35.jpg,Books & Movies,movie - for kids
Toys.thrift.lb,Toys.thrift.lb37.jpg,Books & Movies,movie - adults
Toys.thrift.lb,Toys.thrift.lb39.jpg,Books & Movies,book - educational for kids
Toys.thrift.lb,Toys.thrift.lb4.jpg,Toys ,toys
Toys.thrift.lb,Toys.thrift.lb40.jpg,Toys ,toys
Toys.thrift.lb,Toys.thrift.lb41.jpg,Toys ,toys
Toys.thrift.lb,Toys.thrift.lb5.jpg,Books & Movies,book - kids 
Toys.thrift.lb,Toys.thrift.lb6.jpg,Books & Movies,book - educational for kids
Toys.thrift.lb,Toys.thrift.lb7.jpg,Books & Movies,book - educational for kids
Toys.thrift.lb,Toys.thrift.lb8.jpg,Furniture & Home appliances,water bottle 
Toys.thrift.lb,Toys.thrift.lb9.jpg,Books & Movies,book - kids 
The_thrift__shop,The_thrift__shop13.jpg,"Textile, Clothing & Shoes",Shoes 
The_thrift__shop,The_thrift__shop12.jpg,"Textile, Clothing & Shoes",Shoes - men 
The_thrift__shop,The_thrift__shop10.jpg,"Textile, Clothing & Shoes",Shoes - men 
The_thrift__shop,The_thrift__shop38.jpg,"Textile, Clothing & Shoes",Shoes - women 
The_thrift__shop,The_thrift__shop39.jpg,"Textile, Clothing & Shoes",Shoes - men 
The_thrift__shop,The_thrift__shop11.jpg,"Textile, Clothing & Shoes",Shoes - men 
The_thrift__shop,The_thrift__shop29.jpg,"Textile, Clothing & Shoes",Shoes - women 
The_thrift__shop,The_thrift__shop15.jpg,"Textile, Clothing & Shoes",Shoes 
The_thrift__shop,The_thrift__shop9.jpg,"Textile, Clothing & Shoes",Shoes 
The_thrift__shop,The_thrift__shop8.jpg,"Textile, Clothing & Shoes",Shoes 
The_thrift__shop,The_thrift__shop14.jpg,"Textile, Clothing & Shoes",Shoes 
The_thrift__shop,The_thrift__shop28.jpg,"Textile, Clothing & Shoes",Shoes 
The_thrift__shop,The_thrift__shop44.jpg,"Textile, Clothing & Shoes",Shoes - men 
The_thrift__shop,The_thrift__shop17.jpg,"Textile, Clothing & Shoes",Shoes - women 
The_thrift__shop,The_thrift__shop16.jpg,"Textile, Clothing & Shoes",Shoes 
The_thrift__shop,The_thrift__shop43.jpg,"Textile, Clothing & Shoes",Shoes 
The_thrift__shop,The_thrift__shop42.jpg,"Textile, Clothing & Shoes",Shoes - men 
The_thrift__shop,The_thrift__shop41.jpg,"Textile, Clothing & Shoes",Shoes - men 
The_thrift__shop,The_thrift__shop40.jpg,"Textile, Clothing & Shoes",Shoes - men 
The_thrift__shop,The_thrift__shop26.jpg,"Textile, Clothing & Shoes",Shoes - women 
The_thrift__shop,The_thrift__shop32.jpg,"Textile, Clothing & Shoes",Shoes - men 
The_thrift__shop,The_thrift__shop6.jpg,"Textile, Clothing & Shoes",Shoes - men 
The_thrift__shop,The_thrift__shop7.jpg,"Textile, Clothing & Shoes",Shoes - men 
The_thrift__shop,The_thrift__shop33.jpg,"Textile, Clothing & Shoes",Shoes 
The_thrift__shop,The_thrift__shop31.jpg,"Textile, Clothing & Shoes",Shoes 
The_thrift__shop,The_thrift__shop27.jpg,"Textile, Clothing & Shoes",Shoes 
The_thrift__shop,The_thrift__shop25.jpg,"Textile, Clothing & Shoes",Shoes 
The_thrift__shop,The_thrift__shop19.jpg,"Textile, Clothing & Shoes",Shoes - men 
The_thrift__shop,The_thrift__shop5.jpg,"Textile, Clothing & Shoes",Shoes - men 
The_thrift__shop,The_thrift__shop24.jpg,"Textile, Clothing & Shoes",Shoes 
The_thrift__shop,The_thrift__shop30.jpg,"Textile, Clothing & Shoes",Shoes 
The_thrift__shop,The_thrift__shop34.jpg,"Textile, Clothing & Shoes",Shoes - men 
The_thrift__shop,The_thrift__shop20.jpg,"Textile, Clothing & Shoes",Shoes - men 
The_thrift__shop,The_thrift__shop1.jpg,"Textile, Clothing & Shoes",Shoes - men 
The_thrift__shop,The_thrift__shop0.jpg,"Textile, Clothing & Shoes",Shoes - men 
The_thrift__shop,The_thrift__shop21.jpg,"Textile, Clothing & Shoes",Shoes 
The_thrift__shop,The_thrift__shop35.jpg,"Textile, Clothing & Shoes",Shoes 
The_thrift__shop,The_thrift__shop37.jpg,"Textile, Clothing & Shoes",Shoes 
The_thrift__shop,The_thrift__shop23.jpg,"Textile, Clothing & Shoes",Shoes 
The_thrift__shop,The_thrift__shop3.jpg,"Textile, Clothing & Shoes",Shoes - men 
The_thrift__shop,The_thrift__shop2.jpg,"Textile, Clothing & Shoes",Shoes 
The_thrift__shop,The_thrift__shop22.jpg,"Textile, Clothing & Shoes",Shoes - men 
therapythrift_,therapythrift_25.jpg,"Textile, Clothing & Shoes",top - women 
therapythrift_,therapythrift_19.jpg,"Textile, Clothing & Shoes",dress - women 
therapythrift_,therapythrift_4.jpg,"Textile, Clothing & Shoes",pants - women 
therapythrift_,therapythrift_5.jpg,"Textile, Clothing & Shoes",coat - women 
therapythrift_,therapythrift_24.jpg,"Textile, Clothing & Shoes",pants - women 
therapythrift_,therapythrift_26.jpg,"Textile, Clothing & Shoes",pants - women 
therapythrift_,therapythrift_18.jpg,"Textile, Clothing & Shoes",top - women 
therapythrift_,therapythrift_7.jpg,"Textile, Clothing & Shoes",jacket - women 
therapythrift_,therapythrift_6.jpg,"Textile, Clothing & Shoes",pants - women 
therapythrift_,therapythrift_27.jpg,"Textile, Clothing & Shoes",top - boy 
therapythrift_,therapythrift_23.jpg,"Textile, Clothing & Shoes",top - boy 
therapythrift_,therapythrift_2.jpg,"Textile, Clothing & Shoes",jacket - women 
therapythrift_,therapythrift_3.jpg,"Textile, Clothing & Shoes",top - men
therapythrift_,therapythrift_20.jpg,"Textile, Clothing & Shoes",top - women 
therapythrift_,therapythrift_1.jpg,"Textile, Clothing & Shoes",jacket 
therapythrift_,therapythrift_22.jpg,"Textile, Clothing & Shoes",jacket - women 
therapythrift_,therapythrift_21.jpg,"Textile, Clothing & Shoes",dress - women 
therapythrift_,therapythrift_0.jpg,"Textile, Clothing & Shoes",jacket - women 
therapythrift_,therapythrift_10.jpg,"Textile, Clothing & Shoes",sweater - women
therapythrift_,therapythrift_11.jpg,"Textile, Clothing & Shoes",top - women 
therapythrift_,therapythrift_13.jpg,"Textile, Clothing & Shoes",top - men 
therapythrift_,therapythrift_16.jpg,"Textile, Clothing & Shoes",top - men 
therapythrift_,therapythrift_12.jpg,"Textile, Clothing & Shoes",pants 
therapythrift_,therapythrift_15.jpg,"Textile, Clothing & Shoes",jacket - women 
therapythrift_,therapythrift_17.jpg,"Textile, Clothing & Shoes",top - women 
therapythrift_,therapythrift_29.jpg,"Textile, Clothing & Shoes",short - boy 
therapythrift_,therapythrift_9.jpg,"Textile, Clothing & Shoes",sweater - men 
therapythrift_,therapythrift_8.jpg,"Textile, Clothing & Shoes",jacket
therapythrift_,therapythrift_28.jpg,"Textile, Clothing & Shoes",skirt - women 
therapythrift_,therapythrift_14.jpg,"Textile, Clothing & Shoes",sweater - men 
second_hands_leb,Second_hands_leb2.jpg,"Textile, Clothing & Shoes",dress - women 
online_by_wared,Online_by_wared9.jpg,"Textile, Clothing & Shoes",dress - women + bag 
online_by_wared,Online_by_wared22.jpg,"Textile, Clothing & Shoes",lingerie - women 
online_by_wared,Online_by_wared23.jpg,"Textile, Clothing & Shoes",lingerie - women 
online_by_wared,Online_by_wared8.jpg,"Textile, Clothing & Shoes",shoes - women 
online_by_wared,Online_by_wared20.jpg,"Textile, Clothing & Shoes",lingerie - women 
online_by_wared,Online_by_wared21.jpg,"Textile, Clothing & Shoes",lingerie - women 
online_by_wared,Online_by_wared18.jpg,"Textile, Clothing & Shoes",lingerie - women 
online_by_wared,Online_by_wared24.jpg,"Textile, Clothing & Shoes",top - women 
online_by_wared,Online_by_wared25.jpg,"Textile, Clothing & Shoes",top - women 
online_by_wared,Online_by_wared19.jpg,"Textile, Clothing & Shoes",lingerie - women 
online_by_wared,Online_by_wared0.jpg,"Textile, Clothing & Shoes",top + jacket + pants - women 
online_by_wared,Online_by_wared27.jpg,"Textile, Clothing & Shoes",jacket - women 
online_by_wared,Online_by_wared26.jpg,Furniture & Home appliances,baby bed 
online_by_wared,Online_by_wared17.jpg,"Textile, Clothing & Shoes",lingerie - women 
online_by_wared,Online_by_wared16.jpg,"Textile, Clothing & Shoes",top + bag - women
online_by_wared,Online_by_wared1.jpg,"Textile, Clothing & Shoes",top + bag - women
online_by_wared,Online_by_wared3.jpg,Cosmetics & Medicine,shampoo for cats 
online_by_wared,Online_by_wared14.jpg,"Textile, Clothing & Shoes",top - women 
online_by_wared,Online_by_wared15.jpg,"Textile, Clothing & Shoes",lingerie - women 
online_by_wared,Online_by_wared2.jpg,"Textile, Clothing & Shoes",top - women 
online_by_wared,Online_by_wared6.jpg,"Textile, Clothing & Shoes",top + pants - women 
online_by_wared,Online_by_wared11.jpg,"Textile, Clothing & Shoes",jeans - women 
online_by_wared,Online_by_wared10.jpg,"Textile, Clothing & Shoes",jeans - women 
online_by_wared,Online_by_wared7.jpg,"Textile, Clothing & Shoes",shoes - women 
online_by_wared,Online_by_wared12.jpg,"Textile, Clothing & Shoes",top - women 
online_by_wared,Online_by_wared13.jpg,"Textile, Clothing & Shoes",jacket + bag - women 
online_by_wared,Online_by_wared5.jpg,"Textile, Clothing & Shoes",shoes - women 
online_by_wared,Online_by_wared4.jpg,"Textile, Clothing & Shoes",shoes 
alpas.books,Alpas.books1.jpg,Books & Movies,book
kratos_thriftlb,Kratos_thriftlb2.jpg,"Textile, Clothing & Shoes",shoes 
almost_everythinggg,almost_everythinggg8.jpg,"Textile, Clothing & Shoes",top - women 
almost_everythinggg,almost_everythinggg9.jpg,"Textile, Clothing & Shoes",jacket - women 
almost_everythinggg,almost_everythinggg12.jpg,"Textile, Clothing & Shoes",jumsuit / pyjama - women 
almost_everythinggg,almost_everythinggg28.jpg,"Textile, Clothing & Shoes",top - women 
almost_everythinggg,almost_everythinggg13.jpg,"Textile, Clothing & Shoes",jacket - women 
almost_everythinggg,almost_everythinggg11.jpg,"Textile, Clothing & Shoes",top - women 
almost_everythinggg,almost_everythinggg10.jpg,"Textile, Clothing & Shoes",top - women 
almost_everythinggg,almost_everythinggg14.jpg,"Textile, Clothing & Shoes",dress - women  
almost_everythinggg,almost_everythinggg29.jpg,"Textile, Clothing & Shoes",sweater - women 
almost_everythinggg,almost_everythinggg15.jpg,"Textile, Clothing & Shoes",pants - women 
almost_everythinggg,almost_everythinggg33.jpg,"Textile, Clothing & Shoes",jacket - women 
almost_everythinggg,almost_everythinggg17.jpg,"Textile, Clothing & Shoes",top - women 
almost_everythinggg,almost_everythinggg16.jpg,"Textile, Clothing & Shoes",chemise - women 
almost_everythinggg,almost_everythinggg27.jpg,"Textile, Clothing & Shoes",top - women 
almost_everythinggg,almost_everythinggg26.jpg,"Textile, Clothing & Shoes",blazer - women 
almost_everythinggg,almost_everythinggg32.jpg,"Textile, Clothing & Shoes",top - women 
almost_everythinggg,almost_everythinggg24.jpg,"Textile, Clothing & Shoes",top - women 
almost_everythinggg,almost_everythinggg30.jpg,"Textile, Clothing & Shoes",jacket - women 
almost_everythinggg,almost_everythinggg18.jpg,"Textile, Clothing & Shoes",chemise - women 
almost_everythinggg,almost_everythinggg19.jpg,Books & Movies,cooking book 
almost_everythinggg,almost_everythinggg31.jpg,"Textile, Clothing & Shoes",top - women 
almost_everythinggg,almost_everythinggg21.jpg,"Textile, Clothing & Shoes",scarf
almost_everythinggg,almost_everythinggg25.jpg,"Textile, Clothing & Shoes",pants - women 
almost_everythinggg,almost_everythinggg35.jpg,"Textile, Clothing & Shoes",jeans - women 
almost_everythinggg,almost_everythinggg20.jpg,Books & Movies,book 
almost_everythinggg,almost_everythinggg34.jpg,"Textile, Clothing & Shoes",blazer - women 
almost_everythinggg,almost_everythinggg7.jpg,"Textile, Clothing & Shoes",top - women 
almost_everythinggg,almost_everythinggg22.jpg,"Textile, Clothing & Shoes",top - women 
almost_everythinggg,almost_everythinggg6.jpg,"Textile, Clothing & Shoes",top - women 
almost_everythinggg,almost_everythinggg23.jpg,"Textile, Clothing & Shoes",jacket - women 
almost_everythinggg,almost_everythinggg4.jpg,"Textile, Clothing & Shoes",jacket - women 
almost_everythinggg,almost_everythinggg5.jpg,"Textile, Clothing & Shoes",jeans - women 
almost_everythinggg,almost_everythinggg1.jpg,"Textile, Clothing & Shoes",top - women 
almost_everythinggg,almost_everythinggg2.jpg,"Textile, Clothing & Shoes",top - women 
almost_everythinggg,almost_everythinggg0.jpg,"Textile, Clothing & Shoes",jacket - women 
almost_everythinggg,almost_everythinggg3.jpg,"Textile, Clothing & Shoes",top - women 
alien_thrift_lb,Alien_thrift_lb21.jpg,"Textile, Clothing & Shoes",jacket - men 
alien_thrift_lb,Alien_thrift_lb22.jpg,"Textile, Clothing & Shoes",sweater - men
alien_thrift_lb,Alien_thrift_lb20.jpg,"Textile, Clothing & Shoes",sweater - men
alien_thrift_lb,Alien_thrift_lb23.jpg,"Textile, Clothing & Shoes",sweater - men
alien_thrift_lb,Alien_thrift_lb26.jpg,"Textile, Clothing & Shoes",shoes - men 
alien_thrift_lb,Alien_thrift_lb27.jpg,"Textile, Clothing & Shoes",shoes - men 
alien_thrift_lb,Alien_thrift_lb18.jpg,"Textile, Clothing & Shoes",sweater - men
alien_thrift_lb,Alien_thrift_lb24.jpg,"Textile, Clothing & Shoes",jacket - men 
alien_thrift_lb,Alien_thrift_lb25.jpg,"Textile, Clothing & Shoes",top - men 
alien_thrift_lb,Alien_thrift_lb9.jpg,"Textile, Clothing & Shoes",jacket - men 
alien_thrift_lb,Alien_thrift_lb19.jpg,"Textile, Clothing & Shoes",top - men 
alien_thrift_lb,Alien_thrift_lb8.jpg,"Textile, Clothing & Shoes",sweater - men 
alien_thrift_lb,Alien_thrift_lb3.jpg,"Textile, Clothing & Shoes",jacket - men 
alien_thrift_lb,Alien_thrift_lb2.jpg,"Textile, Clothing & Shoes",jacket - men 
alien_thrift_lb,Alien_thrift_lb0.jpg,"Textile, Clothing & Shoes",jacket - men 
alien_thrift_lb,Alien_thrift_lb5.jpg,"Textile, Clothing & Shoes",jacket - men 
alien_thrift_lb,Alien_thrift_lb1.jpg,"Textile, Clothing & Shoes",sweater - men
alien_thrift_lb,Alien_thrift_lb4.jpg,"Textile, Clothing & Shoes",sweater - men
alien_thrift_lb,Alien_thrift_lb7.jpg,"Textile, Clothing & Shoes",jacket - men 
alien_thrift_lb,Alien_thrift_lb6.jpg,"Textile, Clothing & Shoes",sweater - men 
alien_thrift_lb,Alien_thrift_lb14.jpg,"Textile, Clothing & Shoes",sweater - men
alien_thrift_lb,Alien_thrift_lb15.jpg,"Textile, Clothing & Shoes",jacket - men 
alien_thrift_lb,Alien_thrift_lb16.jpg,"Textile, Clothing & Shoes",sweater - men 
alien_thrift_lb,Alien_thrift_lb17.jpg,"Textile, Clothing & Shoes",sweater - men 
alien_thrift_lb,Alien_thrift_lb12.jpg,"Textile, Clothing & Shoes",jacket - men 
alien_thrift_lb,Alien_thrift_lb13.jpg,"Textile, Clothing & Shoes",sweater - men 
alien_thrift_lb,Alien_thrift_lb10.jpg,"Textile, Clothing & Shoes",jacket - men 
alien_thrift_lb,Alien_thrift_lb11.jpg,"Textile, Clothing & Shoes",shoes - men 
thriftinglb_,Thriftinglb_23.jpg,"Textile, Clothing & Shoes",top - women 
thriftinglb_,Thriftinglb_20.jpg,"Textile, Clothing & Shoes",top - women 
thriftinglb_,Thriftinglb_22.jpg,"Textile, Clothing & Shoes",top - women 
thriftinglb_,Thriftinglb_21.jpg,"Textile, Clothing & Shoes",top - women 
thriftinglb_,Thriftinglb_19.jpg,"Textile, Clothing & Shoes",dress - women 
thriftinglb_,Thriftinglb_31.jpg,"Textile, Clothing & Shoes",top - women 
thriftinglb_,Thriftinglb_24.jpg,"Textile, Clothing & Shoes",dress - women 
thriftinglb_,Thriftinglb_25.jpg,"Textile, Clothing & Shoes",boots - women
thriftinglb_,Thriftinglb_18.jpg,"Textile, Clothing & Shoes",top - women 
thriftinglb_,Thriftinglb_26.jpg,Furniture & Home appliances,phone cover 
thriftinglb_,Thriftinglb_30.jpg,"Textile, Clothing & Shoes",top - women 
thriftinglb_,Thriftinglb_0.jpg,"Textile, Clothing & Shoes",top - women 
thriftinglb_,Thriftinglb_32.jpg,"Textile, Clothing & Shoes",top - women 
thriftinglb_,Thriftinglb_1.jpg,"Textile, Clothing & Shoes",jacket - women 
thriftinglb_,Thriftinglb_27.jpg,Furniture & Home appliances,phone cover 
thriftinglb_,Thriftinglb_3.jpg,Cosmetics & Medicine,nail art 
thriftinglb_,Thriftinglb_2.jpg,"Textile, Clothing & Shoes",jacket - women 
thriftinglb_,Thriftinglb_6.jpg,"Textile, Clothing & Shoes",top - women 
thriftinglb_,Thriftinglb_7.jpg,"Textile, Clothing & Shoes",top - women 
thriftinglb_,Thriftinglb_4.jpg,"Textile, Clothing & Shoes",shoes - women
thriftinglb_,Thriftinglb_5.jpg,"Textile, Clothing & Shoes",top - women 
thriftinglb_,Thriftinglb_8.jpg,"Textile, Clothing & Shoes",shoes - women 
thriftinglb_,Thriftinglb_17.jpg,"Textile, Clothing & Shoes",jacket - women 
thriftinglb_,Thriftinglb_9.jpg,"Textile, Clothing & Shoes",sweater - women 
thriftinglb_,Thriftinglb_16.jpg,"Textile, Clothing & Shoes",top - women 
thriftinglb_,Thriftinglb_29.jpg,"Textile, Clothing & Shoes",top - women 
thriftinglb_,Thriftinglb_15.jpg,"Textile, Clothing & Shoes",top - men 
thriftinglb_,Thriftinglb_28.jpg,Furniture & Home appliances,phone cover 
thriftinglb_,Thriftinglb_14.jpg,"Textile, Clothing & Shoes",top - women 
thriftinglb_,Thriftinglb_10.jpg,"Textile, Clothing & Shoes",bag - women 
thriftinglb_,Thriftinglb_11.jpg,Cosmetics & Medicine,makeup - lashes
thriftinglb_,Thriftinglb_12.jpg,Cosmetics & Medicine,makeup 
thriftinglb_,Thriftinglb_13.jpg,"Textile, Clothing & Shoes",jacket - women 
thriftbook.lb,Thriftbook.lb13.jpg,Books & Movies,notebook 
thriftbook.lb,Thriftbook.lb12.jpg,Books & Movies,book 
thriftbook.lb,Thriftbook.lb10.jpg,Books & Movies,book 
thriftbook.lb,Thriftbook.lb11.jpg,Books & Movies,book 
thriftbook.lb,Thriftbook.lb15.jpg,Books & Movies,book 
thriftbook.lb,Thriftbook.lb14.jpg,Books & Movies,book 
thriftbook.lb,Thriftbook.lb29.jpg,Books & Movies,book 
thriftbook.lb,Thriftbook.lb28.jpg,Books & Movies,book 
thriftbook.lb,Thriftbook.lb16.jpg,Books & Movies,book 
thriftbook.lb,Thriftbook.lb1.jpg,Books & Movies,book 
thriftbook.lb,Thriftbook.lb17.jpg,Books & Movies,book 
thriftbook.lb,Thriftbook.lb2.jpg,Books & Movies,book 
thriftbook.lb,Thriftbook.lb3.jpg,Books & Movies,book 
thriftbook.lb,Thriftbook.lb0.jpg,Books & Movies,book 
thriftbook.lb,Thriftbook.lb7.jpg,Books & Movies,book 
thriftbook.lb,Thriftbook.lb6.jpg,Books & Movies,book 
thriftbook.lb,Thriftbook.lb4.jpg,Books & Movies,book 
thriftbook.lb,Thriftbook.lb5.jpg,Books & Movies,book 
thriftbook.lb,Thriftbook.lb8.jpg,Books & Movies,book 
thriftbook.lb,Thriftbook.lb9.jpg,Books & Movies,book 
thriftbook.lb,Thriftbook.lb32.jpg,Books & Movies,book 
thriftbook.lb,Thriftbook.lb26.jpg,Books & Movies,book 
thriftbook.lb,Thriftbook.lb27.jpg,Books & Movies,book 
thriftbook.lb,Thriftbook.lb25.jpg,Books & Movies,book 
thriftbook.lb,Thriftbook.lb19.jpg,Books & Movies,book 
thriftbook.lb,Thriftbook.lb31.jpg,Books & Movies,book 
thriftbook.lb,Thriftbook.lb18.jpg,Books & Movies,book 
thriftbook.lb,Thriftbook.lb30.jpg,Books & Movies,book 
thriftbook.lb,Thriftbook.lb24.jpg,Books & Movies,book 
thriftbook.lb,Thriftbook.lb20.jpg,Books & Movies,book 
thriftbook.lb,Thriftbook.lb23.jpg,Books & Movies,book 
thriftbook.lb,Thriftbook.lb21.jpg,Books & Movies,book 
thriftbook.lb,Thriftbook.lb22.jpg,Books & Movies,book 
thrift.origins ,thrift.origins17.jpg,"Textile, Clothing & Shoes",shoes 
thrift.origins ,thrift.origins5.jpg,"Textile, Clothing & Shoes",shoes 
thrift.origins ,thrift.origins4.jpg,"Textile, Clothing & Shoes",shoes 
thrift.origins ,thrift.origins16.jpg,"Textile, Clothing & Shoes",shoes 
thrift.origins ,thrift.origins14.jpg,"Textile, Clothing & Shoes",shoes 
thrift.origins ,thrift.origins29.jpg,"Textile, Clothing & Shoes",shoes - men 
thrift.origins ,thrift.origins28.jpg,"Textile, Clothing & Shoes",shoes - women
thrift.origins ,thrift.origins7.jpg,"Textile, Clothing & Shoes",shoes - men 
thrift.origins ,thrift.origins6.jpg,"Textile, Clothing & Shoes",shoes - men 
thrift.origins ,thrift.origins2.jpg,"Textile, Clothing & Shoes",shoes - men 
thrift.origins ,thrift.origins15.jpg,"Textile, Clothing & Shoes",hat 
thrift.origins ,thrift.origins11.jpg,"Textile, Clothing & Shoes",shoes 
thrift.origins ,thrift.origins3.jpg,"Textile, Clothing & Shoes",hat 
thrift.origins ,thrift.origins12.jpg,"Textile, Clothing & Shoes",shoes - men / full outfit picture
thrift.origins ,thrift.origins1.jpg,"Textile, Clothing & Shoes",sweater + hat + pants - men
thrift.origins ,thrift.origins10.jpg,"Textile, Clothing & Shoes",shoes - men 
thrift.origins ,thrift.origins13.jpg,"Textile, Clothing & Shoes",shoes - men 
thrift.origins ,thrift.origins0.jpg,"Textile, Clothing & Shoes",shoes 
thrift.origins ,thrift.origins23.jpg,"Textile, Clothing & Shoes",shoes 
thrift.origins ,thrift.origins22.jpg,"Textile, Clothing & Shoes",shoes - women 
thrift.origins ,thrift.origins21.jpg,"Textile, Clothing & Shoes",sweater + pants - men 
thrift.origins ,thrift.origins20.jpg,"Textile, Clothing & Shoes",sweater + hat + pants - men
thrift.origins ,thrift.origins18.jpg,"Textile, Clothing & Shoes",shoes - men 
thrift.origins ,thrift.origins24.jpg,"Textile, Clothing & Shoes",shoes - men 
thrift.origins ,thrift.origins30.jpg,"Textile, Clothing & Shoes",shoes - men 
thrift.origins ,thrift.origins31.jpg,"Textile, Clothing & Shoes",shoes - men 
thrift.origins ,thrift.origins25.jpg,"Textile, Clothing & Shoes",shoes 
thrift.origins ,thrift.origins8.jpg,"Textile, Clothing & Shoes",sweater - men / full outfit 
thrift.origins ,thrift.origins33.jpg,"Textile, Clothing & Shoes",shoes 
thrift.origins ,thrift.origins19.jpg,"Textile, Clothing & Shoes",shoes - women 
thrift.origins ,thrift.origins27.jpg,"Textile, Clothing & Shoes",shoes 
thrift.origins ,thrift.origins9.jpg,"Textile, Clothing & Shoes",hat 
thrift.origins ,thrift.origins32.jpg,"Textile, Clothing & Shoes",shoes - men 
thrift.origins ,thrift.origins26.jpg,"Textile, Clothing & Shoes",shoes 
thrfit_lebanon,Thrift_lebanon0.jpg,"Textile, Clothing & Shoes",dress - women 
